{
  "total_tokens": 1685,
  "mean_energy": 0.015721506477189513,
  "summary": {
    "pct_big_harm": 0.3548961424332344,
    "pct_big_help": 0.15311572700296736,
    "pct_harmed": 0.5169139465875371,
    "pct_helped": 0.2830860534124629,
    "pct_lost_harmed": 0.477124183006536,
    "mean_dlogit_t": -1.9145159050445106,
    "mean_dlogit_bw": 0.1411721068249258,
    "mean_margin_delta": -2.055688011869436,
    "bw_raised_more_than_target": 0.6100890207715134
  },
  "by_type": {
    "punctuation": {
      "count": 195,
      "mean_dce": -1.573653030769232,
      "mean_dlogit": -0.5192307692307693,
      "mean_dbw": -2.542948717948718,
      "mean_dmargin": 2.0237179487179486,
      "base_ppl": 234.138259835904
    },
    "other": {
      "count": 1168,
      "mean_dce": 2.3749165916095856,
      "mean_dlogit": -2.5212629280821917,
      "mean_dbw": 0.437232448630137,
      "mean_dmargin": -2.9584953767123285,
      "base_ppl": 99.54787089408077
    },
    "rare_word": {
      "count": 158,
      "mean_dce": 2.7255563037974695,
      "mean_dlogit": -1.8753955696202531,
      "mean_dbw": 2.0162183544303796,
      "mean_dmargin": -3.891613924050633,
      "base_ppl": 9.796223204017963
    },
    "capitalized": {
      "count": 65,
      "mean_dce": -3.332486692307692,
      "mean_dlogit": 4.031743076923077,
      "mean_dbw": 0.25769230769230766,
      "mean_dmargin": 3.7740507692307697,
      "base_ppl": 25318.123290083226
    },
    "common_word": {
      "count": 50,
      "mean_dce": -0.031743379999999974,
      "mean_dlogit": -1.56875,
      "mean_dbw": -1.5425,
      "mean_dmargin": -0.02625,
      "base_ppl": 11.056184780192241
    },
    "abbreviation": {
      "count": 16,
      "mean_dce": 0.556756875,
      "mean_dlogit": -1.6328125,
      "mean_dbw": -0.6953125,
      "mean_dmargin": -0.9375,
      "base_ppl": 3249.3538413152305
    },
    "number": {
      "count": 33,
      "mean_dce": 0.4738964848484849,
      "mean_dlogit": -1.2443181818181819,
      "mean_dbw": -0.7272727272727273,
      "mean_dmargin": -0.5170454545454546,
      "base_ppl": 28.147110336435063
    }
  },
  "by_confusion": [
    {
      "range": "0-0.5",
      "label": "confident",
      "count": 450,
      "mean_dce": 2.036942702222222,
      "mean_dlogit": -2.419722222222222,
      "mean_dbw": 1.345,
      "pct_harmed": 0.4533333333333333
    },
    {
      "range": "0.5-2",
      "label": "medium",
      "count": 243,
      "mean_dce": 4.743300407407407,
      "mean_dlogit": -2.83359341563786,
      "mean_dbw": 2.3667695473251027,
      "pct_harmed": 0.6131687242798354
    },
    {
      "range": "2-5",
      "label": "confused",
      "count": 380,
      "mean_dce": 2.0113708,
      "mean_dlogit": -2.004934210526316,
      "mean_dbw": 0.05444078947368421,
      "pct_harmed": 0.5947368421052631
    },
    {
      "range": "5-20",
      "label": "lost",
      "count": 576,
      "mean_dce": 0.9940564843749998,
      "mean_dlogit": -1.438187673611111,
      "mean_dbw": -0.6083984375,
      "pct_harmed": 0.5069444444444444
    },
    {
      "range": "20-1000000000.0",
      "label": "very_lost",
      "count": 36,
      "mean_dce": -19.503267500000003,
      "mean_dlogit": 3.9375,
      "mean_dbw": -17.020833333333332,
      "pct_harmed": 0.0
    }
  ],
  "top_harmed": [
    {
      "batch": 18,
      "pos": 24,
      "token": 369,
      "token_text": " for",
      "type": "other",
      "window": "Instruction: What is the sentiment of this news? Pleas",
      "base_ce": 2.946958,
      "graft_ce": 20.035061,
      "dce": 17.088103,
      "base_logit": 19.375,
      "graft_logit": 7.9062,
      "dlogit": -11.4688,
      "base_bw_logit": 19.375,
      "graft_bw_logit": 27.625,
      "base_margin": 0.0,
      "graft_margin": -19.7188,
      "margin_delta": -19.7188
    },
    {
      "batch": 20,
      "pos": 2,
      "token": 374,
      "token_text": " is",
      "type": "other",
      "window": "Instruction: What is the sentime",
      "base_ce": 0.939329,
      "graft_ce": 17.444265,
      "dce": 16.504937,
      "base_logit": 19.75,
      "graft_logit": 12.375,
      "dlogit": -7.375,
      "base_bw_logit": 17.875,
      "graft_bw_logit": 29.625,
      "base_margin": 1.875,
      "graft_margin": -17.25,
      "margin_delta": -19.125
    },
    {
      "batch": 18,
      "pos": 2,
      "token": 374,
      "token_text": " is",
      "type": "other",
      "window": "Instruction: What is the sentime",
      "base_ce": 0.939329,
      "graft_ce": 17.444265,
      "dce": 16.504937,
      "base_logit": 19.75,
      "graft_logit": 12.375,
      "dlogit": -7.375,
      "base_bw_logit": 17.875,
      "graft_bw_logit": 29.625,
      "base_margin": 1.875,
      "graft_margin": -17.25,
      "margin_delta": -19.125
    },
    {
      "batch": 2,
      "pos": 2,
      "token": 374,
      "token_text": " is",
      "type": "other",
      "window": "Instruction: What is the sentime",
      "base_ce": 0.939329,
      "graft_ce": 17.444265,
      "dce": 16.504937,
      "base_logit": 19.75,
      "graft_logit": 12.375,
      "dlogit": -7.375,
      "base_bw_logit": 17.875,
      "graft_bw_logit": 29.625,
      "base_margin": 1.875,
      "graft_margin": -17.25,
      "margin_delta": -19.125
    },
    {
      "batch": 29,
      "pos": 2,
      "token": 374,
      "token_text": " is",
      "type": "other",
      "window": "Instruction: What is the sentime",
      "base_ce": 0.939329,
      "graft_ce": 17.444265,
      "dce": 16.504937,
      "base_logit": 19.75,
      "graft_logit": 12.375,
      "dlogit": -7.375,
      "base_bw_logit": 17.875,
      "graft_bw_logit": 29.625,
      "base_margin": 1.875,
      "graft_margin": -17.25,
      "margin_delta": -19.125
    },
    {
      "batch": 16,
      "pos": 2,
      "token": 374,
      "token_text": " is",
      "type": "other",
      "window": "Instruction: What is the sentime",
      "base_ce": 0.939329,
      "graft_ce": 17.444265,
      "dce": 16.504937,
      "base_logit": 19.75,
      "graft_logit": 12.375,
      "dlogit": -7.375,
      "base_bw_logit": 17.875,
      "graft_bw_logit": 29.625,
      "base_margin": 1.875,
      "graft_margin": -17.25,
      "margin_delta": -19.125
    },
    {
      "batch": 17,
      "pos": 2,
      "token": 374,
      "token_text": " is",
      "type": "other",
      "window": "Instruction: What is the sentime",
      "base_ce": 0.939329,
      "graft_ce": 17.444265,
      "dce": 16.504937,
      "base_logit": 19.75,
      "graft_logit": 12.375,
      "dlogit": -7.375,
      "base_bw_logit": 17.875,
      "graft_bw_logit": 29.625,
      "base_margin": 1.875,
      "graft_margin": -17.25,
      "margin_delta": -19.125
    },
    {
      "batch": 3,
      "pos": 2,
      "token": 374,
      "token_text": " is",
      "type": "other",
      "window": "Instruction: What is the sentime",
      "base_ce": 0.939329,
      "graft_ce": 17.444265,
      "dce": 16.504937,
      "base_logit": 19.75,
      "graft_logit": 12.375,
      "dlogit": -7.375,
      "base_bw_logit": 17.875,
      "graft_bw_logit": 29.625,
      "base_margin": 1.875,
      "graft_margin": -17.25,
      "margin_delta": -19.125
    },
    {
      "batch": 22,
      "pos": 2,
      "token": 374,
      "token_text": " is",
      "type": "other",
      "window": "Instruction: What is the sentime",
      "base_ce": 0.939329,
      "graft_ce": 17.444265,
      "dce": 16.504937,
      "base_logit": 19.75,
      "graft_logit": 12.375,
      "dlogit": -7.375,
      "base_bw_logit": 17.875,
      "graft_bw_logit": 29.625,
      "base_margin": 1.875,
      "graft_margin": -17.25,
      "margin_delta": -19.125
    },
    {
      "batch": 15,
      "pos": 2,
      "token": 374,
      "token_text": " is",
      "type": "other",
      "window": "Instruction: What is the sentime",
      "base_ce": 0.939329,
      "graft_ce": 17.444265,
      "dce": 16.504937,
      "base_logit": 19.75,
      "graft_logit": 12.375,
      "dlogit": -7.375,