{
  "medical": {
    "base": {
      "n": 3565,
      "ppl": 17.393955629781658,
      "dppl": 0,
      "td": 0,
      "bd": 0,
      "md": 0,
      "hlp": 0,
      "hrm": 0,
      "bigh": 0
    },
    "self": {
      "n": 3565,
      "ppl": 4.95691543080362,
      "dppl": -12.437040198978039,
      "td": 1.0050430618863955,
      "bd": -1.1744740532959326,
      "md": 2.1795171151823283,
      "hlp": 0.5674614305750351,
      "hrm": 0.1708274894810659,
      "bigh": 0.05750350631136045
    },
    "sib_finance": {
      "n": 3565,
      "ppl": 25.91905959369401,
      "dppl": 8.52510396391235,
      "td": -3.307924058226683,
      "bd": -2.7951262272089763,
      "md": -0.5127978310177068,
      "hlp": 0.2597475455820477,
      "hrm": 0.4667601683029453,
      "bigh": 0.21626928471248247
    },
    "sib_legal": {
      "n": 3565,
      "ppl": 26.778219302676124,
      "dppl": 9.384263672894466,
      "td": 0.41467226946002805,
      "bd": 0.9867987377279103,
      "md": -0.5721264682678822,
      "hlp": 0.2535764375876578,
      "hrm": 0.5388499298737728,
      "bigh": 0.26199158485273494
    },
    "sib_coding": {
      "n": 3565,
      "ppl": 19.09301421688164,
      "dppl": 1.6990585870999837,
      "td": 0.19260497019635345,
      "bd": 0.35669705469845725,
      "md": -0.16409208450210377,
      "hlp": 0.2973352033660589,
      "hrm": 0.43338008415147267,
      "bigh": 0.11697054698457222
    },
    "siblings": {
      "n": 3565,
      "ppl": 22.27054688626854,
      "dppl": 4.876591256486883,
      "td": -1.7073396958274896,
      "bd": -1.3316444600280506,
      "md": -0.375695235799439,
      "hlp": 0.28723702664796635,
      "hrm": 0.4849929873772791,
      "bigh": 0.20981767180925667
    },
    "full": {
      "n": 3565,
      "ppl": 5.602335081049558,
      "dppl": -11.7916205487321,
      "td": 0.2504673255610098,
      "bd": -1.5725806451612903,
      "md": 1.8230479707223002,
      "hlp": 0.561851332398317,
      "hrm": 0.1985974754558205,
      "bigh": 0.08246844319775597
    }
  },
  "finance": {
    "base": {
      "n": 1152,
      "ppl": 93.77592056039285,
      "dppl": 0,
      "td": 0,
      "bd": 0,
      "md": 0,
      "hlp": 0,
      "hrm": 0,
      "bigh": 0
    },
    "self": {
      "n": 1152,
      "ppl": 3.152325321351075,
      "dppl": -90.62359523904178,
      "td": 8.603597005208334,
      "bd": 1.7383897569444444,
      "md": 6.865207248263889,
      "hlp": 0.6736111111111112,
      "hrm": 0.1111111111111111,
      "bigh": 0.04600694444444445
    },
    "sib_medical": {
      "n": 1152,
      "ppl": 489.8663810434222,
      "dppl": 396.09046048302935,
      "td": -1.9595885806613498,
      "bd": 0.16612413194444445,
      "md": -2.1257127126057944,
      "hlp": 0.2934027777777778,
      "hrm": 0.5434027777777778,
      "bigh": 0.3663194444444444
    },
    "sib_legal": {
      "n": 1152,
      "ppl": 87.31658589445085,
      "dppl": -6.459334665941995,
      "td": 1.0795220269097223,
      "bd": 1.7762044270833333,
      "md": -0.6966824001736112,
      "hlp": 0.3472222222222222,
      "hrm": 0.5243055555555556,
      "bigh": 0.3463541666666667
    },
    "sib_coding": {
      "n": 1152,
      "ppl": 55.58358365428298,
      "dppl": -38.192336906109865,
      "td": -0.5587293836805556,
      "bd": -0.7507052951388888,
      "md": 0.19197591145833334,
      "hlp": 0.3984375,
      "hrm": 0.421875,
      "bigh": 0.1831597222222222
    },
    "siblings": {
      "n": 1152,
      "ppl": 50.61983269074456,
      "dppl": -43.15608786964829,
      "td": 0.0717502170138889,
      "bd": 0.06179470486111111,
      "md": 0.009955512152777778,
      "hlp": 0.4071180555555556,
      "hrm": 0.4678819444444444,
      "bigh": 0.22135416666666666
    },
    "full": {
      "n": 1152,
      "ppl": 3.274728790414043,
      "dppl": -90.5011917699788,
      "td": 7.061659071180555,
      "bd": 1.3225368923611112,
      "md": 5.739122178819445,
      "hlp": 0.671875,
      "hrm": 0.11979166666666667,
      "bigh": 0.05642361111111111
    }
  },
  "legal": {
    "base": {
      "n": 5339,
      "ppl": 13.315365051301761,
      "dppl": 0,
      "td": 0,
      "bd": 0,
      "md": 0,
      "hlp": 0,
      "hrm": 0,
      "bigh": 0
    },
    "self": {
      "n": 5339,
      "ppl": 3.720010587088898,
      "dppl": -9.595354464212862,
      "td": 3.6263732967315976,
      "bd": 1.187581944184304,
      "md": 2.4387913525472933,
      "hlp": 0.5499157145532871,
      "hrm": 0.13185989885746394,
      "bigh": 0.05263157894736842
    },
    "sib_medical": {
      "n": 5339,
      "ppl": 15.01239962625307,
      "dppl": 1.6970345749513083,
      "td": -1.1962092675214226,
      "bd": -0.9796895486046076,
      "md": -0.21651971891681496,
      "hlp": 0.23618655178872447,
      "hrm": 0.3783480052444278,
      "bigh": 0.12137104326652931
    },
    "sib_finance": {
      "n": 5339,
      "ppl": 18.163764399674907,
      "dppl": 4.848399348373146,
      "td": -1.7236520181681962,
      "bd": -1.2068271211837422,
      "md": -0.516824896984454,
      "hlp": 0.23356433789099082,
      "hrm": 0.41580820378348005,
      "bigh": 0.18805019666604234
    },
    "sib_coding": {
      "n": 5339,
      "ppl": 12.84623360149471,
      "dppl": -0.4691314498070511,
      "td": -0.5265550372260723,
      "bd": -0.4080117999625398,
      "md": -0.1185432372635325,
      "hlp": 0.2640943997003184,
      "hrm": 0.3290878441655741,
      "bigh": 0.06349503652369358
    },
    "siblings": {
      "n": 5339,
      "ppl": 23.13954850909289,
      "dppl": 9.82418345779113,
      "td": -2.5146138672972467,
      "bd": -1.4805909346319535,
      "md": -1.0340229326652932,
      "hlp": 0.21408503465068365,
      "hrm": 0.5130174189923207,
      "bigh": 0.278141974152463
    },
    "full": {
      "n": 5339,
      "ppl": 4.733031576737697,
      "dppl": -8.582333474564063,
      "td": 2.0278449264843603,
      "bd": 0.5716660423300244,
      "md": 1.456178884154336,
      "hlp": 0.5051507772991197,
      "hrm": 0.18936130361490916,
      "bigh": 0.07417119310732347
    }
  },
  "coding": {
    "base": {
      "n": 2139,
      "ppl": 2.6942802094564007,
      "dppl": 0,
      "td": 0,
      "bd": 0,
      "md": 0,
      "hlp": 0,
      "hrm": 0,
      "bigh": 0
    },
    "self": {
      "n": 2139,
      "ppl": 1.8587239406965301,
      "dppl": -0.8355562687598705,
      "td": 2.0930407480861386,
      "bd": 1.5054055633473586,
      "md": 0.5876351847387798,
      "hlp": 0.2538569424964937,
      "hrm": 0.15614773258532025,
      "bigh": 0.05049088359046283
    },
    "sib_medical": {
      "n": 2139,
      "ppl": 2.4185248532997847,
      "dppl": -0.27575535615661595,
      "td": 0.17754376497487143,
      "bd": -0.13779803646563815,
      "md": 0.3153418014405096,
      "hlp": 0.12809724170172979,
      "hrm": 0.1439925198690977,
      "bigh": 0.018700327255726974
    },
    "sib_finance": {
      "n": 2139,
      "ppl": 2.3822076938097156,
      "dppl": -0.31207251564668503,
      "td": 0.08623768225514258,
      "bd": -0.020599579242636747,
      "md": 0.10683726149777933,
      "hlp": 0.11827956989247312,
      "hrm": 0.1388499298737728,
      "bigh": 0.007947639083683964
    },
    "sib_legal": {
      "n": 2139,
      "ppl": 2.3842296491923975,
      "dppl": -0.3100505602640031,
      "td": 0.1954396494419121,
      "bd": 0.05130902290790089,
      "md": 0.1441306265340112,
      "hlp": 0.13043478260869565,
      "hrm": 0.131369798971482,
      "bigh": 0.010752688172043012
    },
    "siblings": {
      "n": 2139,
      "ppl": 2.6256089817497115,
      "dppl": -0.06867122770668921,
      "td": -0.15574984842508183,
      "bd": -0.41342332865825154,
      "md": 0.2576734802331697,
      "hlp": 0.16269284712482468,
      "hrm": 0.1841982234689107,
      "bigh": 0.05703599812996728
    },
    "full": {
      "n": 2139,
      "ppl": 2.288956007518825,
      "dppl": -0.4053242019375758,
      "td": 1.268722469977209,
      "bd": 0.7244623655913979,